<?xml version="1.0" encoding="UTF-8"?>
<project-private xmlns="http://www.netbeans.org/ns/project-private/1">
    <editor-bookmarks xmlns="http://www.netbeans.org/ns/editor-bookmarks/2" lastBookmarkId="0"/>
    <open-files xmlns="http://www.netbeans.org/ns/projectui-open-files/2">
        <group>
            <file>file:/C:/xampp/htdocs/sklep/config.php</file>
            <file>file:/C:/xampp/htdocs/sklep/checkout.php</file>
            <file>file:/C:/xampp/htdocs/sklep/admin.php</file>
            <file>file:/C:/xampp/htdocs/sklep/sendmail.php</file>
            <file>file:/C:/xampp/htdocs/sklep/upload.php</file>
            <file>file:/C:/xampp/htdocs/sklep/index.php</file>
            <file>file:/C:/xampp/htdocs/sklep/cart.php</file>
            <file>file:/C:/xampp/htdocs/sklep/products.php</file>
            <file>file:/C:/xampp/htdocs/sklep/cart.css</file>
            <file>file:/C:/xampp/htdocs/sklep/register.php</file>
        </group>
    </open-files>
</project-private>
